model,true_y,pred_y,correct
full,H,H,True
full,AI,AI,True
full,H,H,True
full,AI,AI,True
full,AI,AI,True
full,H,H,True
full,AI,AI,True
full,AI,AI,True
full,H,H,True
full,H,H,True
full,AI,AI,True
full,H,H,True
full,H,H,True
full,AI,AI,True
full,AI,AI,True
full,H,H,True
full,H,H,True
full,H,H,True
full,H,H,True
full,H,H,True
full,AI,AI,True
full,H,H,True
full,H,H,True
full,H,H,True
full,AI,AI,True
full,AI,AI,True
full,AI,AI,True
full,AI,AI,True
full,AI,AI,True
full,H,H,True
full,AI,AI,True
full,AI,AI,True
full,AI,AI,True
full,AI,AI,True
full,H,H,True
full,H,H,True
full,H,H,True
full,H,H,True
full,H,H,True
full,AI,AI,True
full,H,H,True
full,AI,AI,True
full,H,H,True
full,AI,AI,True
full,H,H,True
full,AI,AI,True
full,AI,AI,True
full,AI,AI,True
full,AI,AI,True
full,AI,AI,True
full,AI,AI,True
full,H,H,True
full,H,H,True
full,AI,AI,True
full,H,H,True
full,H,H,True
full,H,H,True
full,AI,AI,True
full,AI,AI,True
full,H,H,True
full,AI,AI,True
full,H,H,True
full,AI,AI,True
full,AI,AI,True
full,H,H,True
full,H,H,True
full,H,H,True
full,H,H,True
full,AI,AI,True
full,H,H,True
full,H,H,True
full,AI,AI,True
full,H,H,True
full,AI,AI,True
full,H,H,True
full,H,H,True
full,H,H,True
full,H,H,True
full,H,H,True
full,AI,AI,True
full,H,H,True
full,AI,AI,True
full,AI,AI,True
full,H,H,True
full,AI,AI,True
full,H,H,True
full,AI,AI,True
full,H,H,True
full,H,H,True
full,AI,AI,True
full,AI,AI,True
full,H,H,True
full,H,H,True
full,H,H,True
full,H,H,True
full,H,H,True
full,H,H,True
full,H,H,True
full,AI,AI,True
full,H,H,True
full,H,H,True
full,H,H,True
full,H,H,True
full,AI,AI,True
full,H,H,True
full,H,H,True
full,H,H,True
full,H,H,True
full,H,H,True
full,AI,AI,True
full,H,H,True
full,AI,AI,True
full,H,H,True
full,H,H,True
full,AI,AI,True
full,H,H,True
full,AI,AI,True
full,H,H,True
full,H,H,True
full,AI,AI,True
full,AI,AI,True
full,AI,AI,True
full,AI,AI,True
full,AI,AI,True
full,H,H,True
full,AI,AI,True
full,H,H,True
full,AI,AI,True
full,AI,AI,True
full,AI,AI,True
full,H,H,True
full,H,H,True
full,H,H,True
full,AI,AI,True
full,AI,AI,True
full,H,H,True
full,AI,AI,True
full,AI,AI,True
full,H,H,True
full,H,H,True
full,AI,AI,True
full,AI,AI,True
full,H,H,True
full,H,H,True
full,H,H,True
full,H,H,True
full,H,H,True
full,H,H,True
full,AI,AI,True
full,AI,AI,True
full,AI,AI,True
full,AI,AI,True
full,AI,AI,True
full,H,H,True
full,AI,AI,True
full,H,H,True
full,AI,AI,True
full,AI,AI,True
full,H,H,True
full,H,H,True
full,AI,AI,True
full,AI,AI,True
full,AI,AI,True
full,H,H,True
full,AI,AI,True
full,AI,AI,True
full,AI,AI,True
full,AI,AI,True
full,AI,AI,True
full,H,H,True
full,AI,AI,True
full,AI,AI,True
full,H,H,True
full,H,H,True
full,AI,AI,True
full,AI,AI,True
full,AI,AI,True
full,AI,AI,True
full,AI,AI,True
full,AI,AI,True
full,AI,AI,True
full,AI,AI,True
full,H,H,True
full,AI,AI,True
full,H,H,True
full,H,H,True
full,H,H,True
full,AI,AI,True
full,AI,AI,True
full,AI,AI,True
full,AI,AI,True
full,AI,AI,True
full,AI,AI,True
emdash,H,H,True
emdash,AI,AI,True
emdash,H,H,True
emdash,AI,AI,True
emdash,AI,AI,True
emdash,H,H,True
emdash,AI,AI,True
emdash,AI,AI,True
emdash,H,H,True
emdash,H,H,True
emdash,AI,AI,True
emdash,H,H,True
emdash,H,H,True
emdash,AI,AI,True
emdash,AI,AI,True
emdash,H,H,True
emdash,H,H,True
emdash,H,H,True
emdash,H,H,True
emdash,H,H,True
emdash,AI,AI,True
emdash,H,H,True
emdash,H,H,True
emdash,H,H,True
emdash,AI,AI,True
emdash,AI,AI,True
emdash,AI,AI,True
emdash,AI,AI,True
emdash,AI,AI,True
emdash,H,H,True
emdash,AI,AI,True
emdash,AI,AI,True
emdash,AI,AI,True
emdash,AI,AI,True
emdash,H,H,True
emdash,H,H,True
emdash,H,H,True
emdash,H,H,True
emdash,H,H,True
emdash,AI,AI,True
emdash,H,H,True
emdash,AI,AI,True
emdash,H,H,True
emdash,AI,AI,True
emdash,H,H,True
emdash,AI,AI,True
emdash,AI,AI,True
emdash,AI,AI,True
emdash,AI,AI,True
emdash,AI,AI,True
emdash,AI,AI,True
emdash,H,H,True
emdash,H,H,True
emdash,AI,AI,True
emdash,H,H,True
emdash,H,H,True
emdash,H,H,True
emdash,AI,AI,True
emdash,AI,AI,True
emdash,H,H,True
emdash,AI,AI,True
emdash,H,H,True
emdash,AI,AI,True
emdash,AI,AI,True
emdash,H,H,True
emdash,H,H,True
emdash,H,H,True
emdash,H,H,True
emdash,AI,AI,True
emdash,H,H,True
emdash,H,H,True
emdash,AI,AI,True
emdash,H,H,True
emdash,AI,AI,True
emdash,H,H,True
emdash,H,H,True
emdash,H,H,True
emdash,H,H,True
emdash,H,H,True
emdash,AI,AI,True
emdash,H,H,True
emdash,AI,AI,True
emdash,AI,AI,True
emdash,H,H,True
emdash,AI,AI,True
emdash,H,H,True
emdash,AI,AI,True
emdash,H,H,True
emdash,H,H,True
emdash,AI,AI,True
emdash,AI,AI,True
emdash,H,H,True
emdash,H,H,True
emdash,H,H,True
emdash,H,H,True
emdash,H,H,True
emdash,H,H,True
emdash,H,H,True
emdash,AI,AI,True
emdash,H,H,True
emdash,H,H,True
emdash,H,H,True
emdash,H,H,True
emdash,AI,AI,True
emdash,H,H,True
emdash,H,H,True
emdash,H,H,True
emdash,H,H,True
emdash,H,H,True
emdash,AI,AI,True
emdash,H,H,True
emdash,AI,AI,True
emdash,H,H,True
emdash,H,H,True
emdash,AI,AI,True
emdash,H,H,True
emdash,AI,AI,True
emdash,H,H,True
emdash,H,H,True
emdash,AI,AI,True
emdash,AI,AI,True
emdash,AI,AI,True
emdash,AI,AI,True
emdash,AI,AI,True
emdash,H,H,True
emdash,AI,AI,True
emdash,H,H,True
emdash,AI,AI,True
emdash,AI,AI,True
emdash,AI,AI,True
emdash,H,H,True
emdash,H,H,True
emdash,H,H,True
emdash,AI,AI,True
emdash,AI,AI,True
emdash,H,H,True
emdash,AI,AI,True
emdash,AI,AI,True
emdash,H,H,True
emdash,H,H,True
emdash,AI,AI,True
emdash,AI,AI,True
emdash,H,H,True
emdash,H,H,True
emdash,H,H,True
emdash,H,H,True
emdash,H,H,True
emdash,H,H,True
emdash,AI,AI,True
emdash,AI,AI,True
emdash,AI,AI,True
emdash,AI,AI,True
emdash,AI,AI,True
emdash,H,H,True
emdash,AI,AI,True
emdash,H,H,True
emdash,AI,AI,True
emdash,AI,AI,True
emdash,H,H,True
emdash,H,H,True
emdash,AI,AI,True
emdash,AI,AI,True
emdash,AI,AI,True
emdash,H,H,True
emdash,AI,AI,True
emdash,AI,AI,True
emdash,AI,AI,True
emdash,AI,AI,True
emdash,AI,AI,True
emdash,H,H,True
emdash,AI,AI,True
emdash,AI,AI,True
emdash,H,H,True
emdash,H,H,True
emdash,AI,AI,True
emdash,AI,AI,True
emdash,AI,AI,True
emdash,AI,AI,True
emdash,AI,AI,True
emdash,AI,AI,True
emdash,AI,AI,True
emdash,AI,AI,True
emdash,H,H,True
emdash,AI,AI,True
emdash,H,H,True
emdash,H,H,True
emdash,H,H,True
emdash,AI,AI,True
emdash,AI,AI,True
emdash,AI,AI,True
emdash,AI,AI,True
emdash,AI,AI,True
emdash,AI,AI,True
emoji,H,H,True
emoji,AI,AI,True
emoji,H,H,True
emoji,AI,AI,True
emoji,AI,AI,True
emoji,H,H,True
emoji,AI,AI,True
emoji,AI,AI,True
emoji,H,H,True
emoji,H,H,True
emoji,AI,AI,True
emoji,H,H,True
emoji,H,H,True
emoji,AI,AI,True
emoji,AI,AI,True
emoji,H,H,True
emoji,H,H,True
emoji,H,H,True
emoji,H,H,True
emoji,H,H,True
emoji,AI,AI,True
emoji,H,H,True
emoji,H,H,True
emoji,H,H,True
emoji,AI,AI,True
emoji,AI,AI,True
emoji,AI,AI,True
emoji,AI,AI,True
emoji,AI,AI,True
emoji,H,H,True
emoji,AI,AI,True
emoji,AI,AI,True
emoji,AI,AI,True
emoji,AI,AI,True
emoji,H,H,True
emoji,H,H,True
emoji,H,H,True
emoji,H,H,True
emoji,H,H,True
emoji,AI,AI,True
emoji,H,H,True
emoji,AI,AI,True
emoji,H,H,True
emoji,AI,AI,True
emoji,H,H,True
emoji,AI,AI,True
emoji,AI,AI,True
emoji,AI,AI,True
emoji,AI,AI,True
emoji,AI,AI,True
emoji,AI,AI,True
emoji,H,H,True
emoji,H,H,True
emoji,AI,AI,True
emoji,H,H,True
emoji,H,H,True
emoji,H,H,True
emoji,AI,AI,True
emoji,AI,AI,True
emoji,H,H,True
emoji,AI,AI,True
emoji,H,H,True
emoji,AI,AI,True
emoji,AI,AI,True
emoji,H,H,True
emoji,H,H,True
emoji,H,H,True
emoji,H,H,True
emoji,AI,AI,True
emoji,H,H,True
emoji,H,H,True
emoji,AI,AI,True
emoji,H,H,True
emoji,AI,AI,True
emoji,H,H,True
emoji,H,H,True
emoji,H,H,True
emoji,H,H,True
emoji,H,H,True
emoji,AI,AI,True
emoji,H,H,True
emoji,AI,AI,True
emoji,AI,AI,True
emoji,H,H,True
emoji,AI,AI,True
emoji,H,H,True
emoji,AI,AI,True
emoji,H,H,True
emoji,H,H,True
emoji,AI,AI,True
emoji,AI,AI,True
emoji,H,H,True
emoji,H,H,True
emoji,H,H,True
emoji,H,H,True
emoji,H,H,True
emoji,H,H,True
emoji,H,H,True
emoji,AI,AI,True
emoji,H,H,True
emoji,H,H,True
emoji,H,H,True
emoji,H,H,True
emoji,AI,AI,True
emoji,H,H,True
emoji,H,H,True
emoji,H,H,True
emoji,H,H,True
emoji,H,H,True
emoji,AI,AI,True
emoji,H,H,True
emoji,AI,AI,True
emoji,H,H,True
emoji,H,H,True
emoji,AI,AI,True
emoji,H,H,True
emoji,AI,AI,True
emoji,H,H,True
emoji,H,H,True
emoji,AI,AI,True
emoji,AI,AI,True
emoji,AI,AI,True
emoji,AI,AI,True
emoji,AI,AI,True
emoji,H,H,True
emoji,AI,AI,True
emoji,H,H,True
emoji,AI,AI,True
emoji,AI,AI,True
emoji,AI,AI,True
emoji,H,H,True
emoji,H,H,True
emoji,H,H,True
emoji,AI,AI,True
emoji,AI,AI,True
emoji,H,H,True
emoji,AI,AI,True
emoji,AI,AI,True
emoji,H,H,True
emoji,H,H,True
emoji,AI,AI,True
emoji,AI,AI,True
emoji,H,H,True
emoji,H,H,True
emoji,H,H,True
emoji,H,H,True
emoji,H,H,True
emoji,H,H,True
emoji,AI,AI,True
emoji,AI,AI,True
emoji,AI,AI,True
emoji,AI,AI,True
emoji,AI,AI,True
emoji,H,H,True
emoji,AI,AI,True
emoji,H,H,True
emoji,AI,AI,True
emoji,AI,AI,True
emoji,H,H,True
emoji,H,H,True
emoji,AI,AI,True
emoji,AI,AI,True
emoji,AI,AI,True
emoji,H,H,True
emoji,AI,AI,True
emoji,AI,AI,True
emoji,AI,AI,True
emoji,AI,AI,True
emoji,AI,AI,True
emoji,H,H,True
emoji,AI,AI,True
emoji,AI,AI,True
emoji,H,H,True
emoji,H,H,True
emoji,AI,AI,True
emoji,AI,AI,True
emoji,AI,AI,True
emoji,AI,AI,True
emoji,AI,AI,True
emoji,AI,AI,True
emoji,AI,AI,True
emoji,AI,AI,True
emoji,H,H,True
emoji,AI,AI,True
emoji,H,H,True
emoji,H,H,True
emoji,H,H,True
emoji,AI,AI,True
emoji,AI,AI,True
emoji,AI,AI,True
emoji,AI,AI,True
emoji,AI,AI,True
emoji,AI,AI,True
bold,H,H,True
bold,AI,AI,True
bold,H,H,True
bold,AI,AI,True
bold,AI,AI,True
bold,H,H,True
bold,AI,AI,True
bold,AI,AI,True
bold,H,H,True
bold,H,H,True
bold,AI,AI,True
bold,H,H,True
bold,H,H,True
bold,AI,AI,True
bold,AI,AI,True
bold,H,H,True
bold,H,H,True
bold,H,H,True
bold,H,H,True
bold,H,H,True
bold,AI,AI,True
bold,H,H,True
bold,H,H,True
bold,H,H,True
bold,AI,AI,True
bold,AI,AI,True
bold,AI,AI,True
bold,AI,AI,True
bold,AI,AI,True
bold,H,H,True
bold,AI,AI,True
bold,AI,AI,True
bold,AI,AI,True
bold,AI,AI,True
bold,H,H,True
bold,H,H,True
bold,H,H,True
bold,H,H,True
bold,H,H,True
bold,AI,AI,True
bold,H,H,True
bold,AI,AI,True
bold,H,H,True
bold,AI,AI,True
bold,H,H,True
bold,AI,AI,True
bold,AI,AI,True
bold,AI,AI,True
bold,AI,AI,True
bold,AI,AI,True
bold,AI,AI,True
bold,H,H,True
bold,H,H,True
bold,AI,AI,True
bold,H,H,True
bold,H,H,True
bold,H,H,True
bold,AI,AI,True
bold,AI,AI,True
bold,H,H,True
bold,AI,AI,True
bold,H,H,True
bold,AI,AI,True
bold,AI,AI,True
bold,H,H,True
bold,H,H,True
bold,H,H,True
bold,H,H,True
bold,AI,AI,True
bold,H,H,True
bold,H,H,True
bold,AI,AI,True
bold,H,H,True
bold,AI,AI,True
bold,H,H,True
bold,H,H,True
bold,H,H,True
bold,H,H,True
bold,H,H,True
bold,AI,AI,True
bold,H,H,True
bold,AI,AI,True
bold,AI,AI,True
bold,H,H,True
bold,AI,AI,True
bold,H,H,True
bold,AI,AI,True
bold,H,H,True
bold,H,H,True
bold,AI,AI,True
bold,AI,AI,True
bold,H,H,True
bold,H,H,True
bold,H,H,True
bold,H,H,True
bold,H,H,True
bold,H,H,True
bold,H,H,True
bold,AI,AI,True
bold,H,H,True
bold,H,H,True
bold,H,H,True
bold,H,H,True
bold,AI,AI,True
bold,H,H,True
bold,H,H,True
bold,H,H,True
bold,H,H,True
bold,H,H,True
bold,AI,AI,True
bold,H,H,True
bold,AI,AI,True
bold,H,H,True
bold,H,H,True
bold,AI,AI,True
bold,H,H,True
bold,AI,AI,True
bold,H,H,True
bold,H,H,True
bold,AI,AI,True
bold,AI,AI,True
bold,AI,AI,True
bold,AI,AI,True
bold,AI,AI,True
bold,H,H,True
bold,AI,AI,True
bold,H,H,True
bold,AI,AI,True
bold,AI,AI,True
bold,AI,AI,True
bold,H,H,True
bold,H,H,True
bold,H,H,True
bold,AI,AI,True
bold,AI,AI,True
bold,H,H,True
bold,AI,AI,True
bold,AI,AI,True
bold,H,H,True
bold,H,H,True
bold,AI,AI,True
bold,AI,AI,True
bold,H,H,True
bold,H,H,True
bold,H,H,True
bold,H,H,True
bold,H,H,True
bold,H,H,True
bold,AI,AI,True
bold,AI,AI,True
bold,AI,AI,True
bold,AI,AI,True
bold,AI,AI,True
bold,H,H,True
bold,AI,AI,True
bold,H,H,True
bold,AI,AI,True
bold,AI,AI,True
bold,H,H,True
bold,H,H,True
bold,AI,AI,True
bold,AI,AI,True
bold,AI,AI,True
bold,H,H,True
bold,AI,AI,True
bold,AI,AI,True
bold,AI,AI,True
bold,AI,AI,True
bold,AI,AI,True
bold,H,H,True
bold,AI,AI,True
bold,AI,AI,True
bold,H,H,True
bold,H,H,True
bold,AI,AI,True
bold,AI,AI,True
bold,AI,AI,True
bold,AI,AI,True
bold,AI,AI,True
bold,AI,AI,True
bold,AI,AI,True
bold,AI,AI,True
bold,H,H,True
bold,AI,AI,True
bold,H,H,True
bold,H,H,True
bold,H,H,True
bold,AI,AI,True
bold,AI,AI,True
bold,AI,AI,True
bold,AI,AI,True
bold,AI,AI,True
bold,AI,AI,True
title_case,H,H,True
title_case,AI,AI,True
title_case,H,H,True
title_case,AI,AI,True
title_case,AI,AI,True
title_case,H,H,True
title_case,AI,AI,True
title_case,AI,AI,True
title_case,H,H,True
title_case,H,H,True
title_case,AI,AI,True
title_case,H,H,True
title_case,H,H,True
title_case,AI,AI,True
title_case,AI,AI,True
title_case,H,H,True
title_case,H,H,True
title_case,H,H,True
title_case,H,H,True
title_case,H,H,True
title_case,AI,AI,True
title_case,H,H,True
title_case,H,H,True
title_case,H,H,True
title_case,AI,AI,True
title_case,AI,AI,True
title_case,AI,AI,True
title_case,AI,AI,True
title_case,AI,AI,True
title_case,H,H,True
title_case,AI,AI,True
title_case,AI,AI,True
title_case,AI,AI,True
title_case,AI,AI,True
title_case,H,H,True
title_case,H,H,True
title_case,H,H,True
title_case,H,H,True
title_case,H,H,True
title_case,AI,AI,True
title_case,H,H,True
title_case,AI,AI,True
title_case,H,H,True
title_case,AI,AI,True
title_case,H,H,True
title_case,AI,AI,True
title_case,AI,AI,True
title_case,AI,AI,True
title_case,AI,AI,True
title_case,AI,AI,True
title_case,AI,AI,True
title_case,H,H,True
title_case,H,H,True
title_case,AI,AI,True
title_case,H,H,True
title_case,H,H,True
title_case,H,H,True
title_case,AI,AI,True
title_case,AI,AI,True
title_case,H,H,True
title_case,AI,AI,True
title_case,H,H,True
title_case,AI,AI,True
title_case,AI,AI,True
title_case,H,H,True
title_case,H,H,True
title_case,H,H,True
title_case,H,H,True
title_case,AI,AI,True
title_case,H,H,True
title_case,H,H,True
title_case,AI,AI,True
title_case,H,H,True
title_case,AI,AI,True
title_case,H,H,True
title_case,H,H,True
title_case,H,H,True
title_case,H,H,True
title_case,H,H,True
title_case,AI,AI,True
title_case,H,H,True
title_case,AI,AI,True
title_case,AI,AI,True
title_case,H,H,True
title_case,AI,AI,True
title_case,H,H,True
title_case,AI,AI,True
title_case,H,H,True
title_case,H,H,True
title_case,AI,AI,True
title_case,AI,AI,True
title_case,H,H,True
title_case,H,H,True
title_case,H,H,True
title_case,H,H,True
title_case,H,H,True
title_case,H,H,True
title_case,H,H,True
title_case,AI,AI,True
title_case,H,H,True
title_case,H,H,True
title_case,H,H,True
title_case,H,H,True
title_case,AI,AI,True
title_case,H,H,True
title_case,H,H,True
title_case,H,H,True
title_case,H,H,True
title_case,H,H,True
title_case,AI,AI,True
title_case,H,H,True
title_case,AI,AI,True
title_case,H,H,True
title_case,H,H,True
title_case,AI,AI,True
title_case,H,H,True
title_case,AI,AI,True
title_case,H,H,True
title_case,H,H,True
title_case,AI,AI,True
title_case,AI,AI,True
title_case,AI,AI,True
title_case,AI,AI,True
title_case,AI,AI,True
title_case,H,H,True
title_case,AI,AI,True
title_case,H,H,True
title_case,AI,AI,True
title_case,AI,AI,True
title_case,AI,AI,True
title_case,H,H,True
title_case,H,H,True
title_case,H,H,True
title_case,AI,AI,True
title_case,AI,AI,True
title_case,H,H,True
title_case,AI,AI,True
title_case,AI,AI,True
title_case,H,H,True
title_case,H,H,True
title_case,AI,AI,True
title_case,AI,AI,True
title_case,H,H,True
title_case,H,H,True
title_case,H,H,True
title_case,H,H,True
title_case,H,H,True
title_case,H,H,True
title_case,AI,AI,True
title_case,AI,AI,True
title_case,AI,AI,True
title_case,AI,AI,True
title_case,AI,AI,True
title_case,H,H,True
title_case,AI,AI,True
title_case,H,H,True
title_case,AI,AI,True
title_case,AI,AI,True
title_case,H,H,True
title_case,H,H,True
title_case,AI,AI,True
title_case,AI,AI,True
title_case,AI,AI,True
title_case,H,H,True
title_case,AI,AI,True
title_case,AI,AI,True
title_case,AI,AI,True
title_case,AI,AI,True
title_case,AI,AI,True
title_case,H,H,True
title_case,AI,AI,True
title_case,AI,AI,True
title_case,H,H,True
title_case,H,H,True
title_case,AI,AI,True
title_case,AI,AI,True
title_case,AI,AI,True
title_case,AI,AI,True
title_case,AI,AI,True
title_case,AI,AI,True
title_case,AI,AI,True
title_case,AI,AI,True
title_case,H,H,True
title_case,AI,AI,True
title_case,H,H,True
title_case,H,H,True
title_case,H,H,True
title_case,AI,AI,True
title_case,AI,AI,True
title_case,AI,AI,True
title_case,AI,AI,True
title_case,AI,AI,True
title_case,AI,AI,True
list,H,H,True
list,AI,AI,True
list,H,H,True
list,AI,AI,True
list,AI,AI,True
list,H,H,True
list,AI,AI,True
list,AI,AI,True
list,H,H,True
list,H,H,True
list,AI,AI,True
list,H,H,True
list,H,H,True
list,AI,AI,True
list,AI,AI,True
list,H,H,True
list,H,H,True
list,H,H,True
list,H,H,True
list,H,H,True
list,AI,AI,True
list,H,H,True
list,H,H,True
list,H,H,True
list,AI,AI,True
list,AI,AI,True
list,AI,AI,True
list,AI,AI,True
list,AI,AI,True
list,H,H,True
list,AI,AI,True
list,AI,AI,True
list,AI,AI,True
list,AI,AI,True
list,H,H,True
list,H,H,True
list,H,H,True
list,H,H,True
list,H,H,True
list,AI,AI,True
list,H,H,True
list,AI,AI,True
list,H,H,True
list,AI,AI,True
list,H,H,True
list,AI,AI,True
list,AI,AI,True
list,AI,AI,True
list,AI,AI,True
list,AI,AI,True
list,AI,AI,True
list,H,H,True
list,H,H,True
list,AI,AI,True
list,H,H,True
list,H,H,True
list,H,H,True
list,AI,AI,True
list,AI,AI,True
list,H,H,True
list,AI,AI,True
list,H,H,True
list,AI,AI,True
list,AI,AI,True
list,H,H,True
list,H,H,True
list,H,H,True
list,H,H,True
list,AI,AI,True
list,H,H,True
list,H,H,True
list,AI,AI,True
list,H,H,True
list,AI,AI,True
list,H,H,True
list,H,H,True
list,H,H,True
list,H,H,True
list,H,H,True
list,AI,AI,True
list,H,H,True
list,AI,AI,True
list,AI,AI,True
list,H,H,True
list,AI,AI,True
list,H,H,True
list,AI,AI,True
list,H,H,True
list,H,H,True
list,AI,AI,True
list,AI,AI,True
list,H,H,True
list,H,H,True
list,H,H,True
list,H,H,True
list,H,H,True
list,H,H,True
list,H,H,True
list,AI,AI,True
list,H,H,True
list,H,H,True
list,H,H,True
list,H,H,True
list,AI,AI,True
list,H,H,True
list,H,H,True
list,H,H,True
list,H,H,True
list,H,H,True
list,AI,AI,True
list,H,H,True
list,AI,AI,True
list,H,H,True
list,H,H,True
list,AI,AI,True
list,H,H,True
list,AI,AI,True
list,H,H,True
list,H,H,True
list,AI,AI,True
list,AI,AI,True
list,AI,AI,True
list,AI,AI,True
list,AI,AI,True
list,H,H,True
list,AI,AI,True
list,H,H,True
list,AI,AI,True
list,AI,AI,True
list,AI,AI,True
list,H,H,True
list,H,H,True
list,H,H,True
list,AI,AI,True
list,AI,AI,True
list,H,H,True
list,AI,AI,True
list,AI,AI,True
list,H,H,True
list,H,H,True
list,AI,AI,True
list,AI,AI,True
list,H,H,True
list,H,H,True
list,H,H,True
list,H,H,True
list,H,H,True
list,H,H,True
list,AI,AI,True
list,AI,AI,True
list,AI,AI,True
list,AI,AI,True
list,AI,AI,True
list,H,H,True
list,AI,AI,True
list,H,H,True
list,AI,AI,True
list,AI,AI,True
list,H,H,True
list,H,H,True
list,AI,AI,True
list,AI,AI,True
list,AI,AI,True
list,H,H,True
list,AI,AI,True
list,AI,AI,True
list,AI,AI,True
list,AI,AI,True
list,AI,AI,True
list,H,H,True
list,AI,AI,True
list,AI,AI,True
list,H,H,True
list,H,H,True
list,AI,AI,True
list,AI,AI,True
list,AI,AI,True
list,AI,AI,True
list,AI,AI,True
list,AI,AI,True
list,AI,AI,True
list,AI,AI,True
list,H,H,True
list,AI,AI,True
list,H,H,True
list,H,H,True
list,H,H,True
list,AI,AI,True
list,AI,AI,True
list,AI,AI,True
list,AI,AI,True
list,AI,AI,True
list,AI,AI,True
curly_quotation,H,H,True
curly_quotation,AI,AI,True
curly_quotation,H,H,True
curly_quotation,AI,AI,True
curly_quotation,AI,AI,True
curly_quotation,H,H,True
curly_quotation,AI,AI,True
curly_quotation,AI,AI,True
curly_quotation,H,H,True
curly_quotation,H,H,True
curly_quotation,AI,AI,True
curly_quotation,H,H,True
curly_quotation,H,H,True
curly_quotation,AI,AI,True
curly_quotation,AI,AI,True
curly_quotation,H,H,True
curly_quotation,H,H,True
curly_quotation,H,H,True
curly_quotation,H,H,True
curly_quotation,H,H,True
curly_quotation,AI,AI,True
curly_quotation,H,H,True
curly_quotation,H,H,True
curly_quotation,H,H,True
curly_quotation,AI,AI,True
curly_quotation,AI,AI,True
curly_quotation,AI,AI,True
curly_quotation,AI,AI,True
curly_quotation,AI,AI,True
curly_quotation,H,H,True
curly_quotation,AI,AI,True
curly_quotation,AI,AI,True
curly_quotation,AI,AI,True
curly_quotation,AI,AI,True
curly_quotation,H,H,True
curly_quotation,H,H,True
curly_quotation,H,H,True
curly_quotation,H,H,True
curly_quotation,H,H,True
curly_quotation,AI,AI,True
curly_quotation,H,H,True
curly_quotation,AI,AI,True
curly_quotation,H,H,True
curly_quotation,AI,AI,True
curly_quotation,H,H,True
curly_quotation,AI,AI,True
curly_quotation,AI,AI,True
curly_quotation,AI,AI,True
curly_quotation,AI,AI,True
curly_quotation,AI,AI,True
curly_quotation,AI,AI,True
curly_quotation,H,H,True
curly_quotation,H,H,True
curly_quotation,AI,AI,True
curly_quotation,H,H,True
curly_quotation,H,H,True
curly_quotation,H,H,True
curly_quotation,AI,H,False
curly_quotation,AI,AI,True
curly_quotation,H,H,True
curly_quotation,AI,AI,True
curly_quotation,H,H,True
curly_quotation,AI,AI,True
curly_quotation,AI,AI,True
curly_quotation,H,H,True
curly_quotation,H,H,True
curly_quotation,H,H,True
curly_quotation,H,H,True
curly_quotation,AI,AI,True
curly_quotation,H,H,True
curly_quotation,H,H,True
curly_quotation,AI,AI,True
curly_quotation,H,H,True
curly_quotation,AI,AI,True
curly_quotation,H,H,True
curly_quotation,H,H,True
curly_quotation,H,H,True
curly_quotation,H,H,True
curly_quotation,H,H,True
curly_quotation,AI,AI,True
curly_quotation,H,H,True
curly_quotation,AI,AI,True
curly_quotation,AI,AI,True
curly_quotation,H,H,True
curly_quotation,AI,AI,True
curly_quotation,H,H,True
curly_quotation,AI,AI,True
curly_quotation,H,H,True
curly_quotation,H,H,True
curly_quotation,AI,AI,True
curly_quotation,AI,AI,True
curly_quotation,H,H,True
curly_quotation,H,H,True
curly_quotation,H,H,True
curly_quotation,H,H,True
curly_quotation,H,H,True
curly_quotation,H,H,True
curly_quotation,H,H,True
curly_quotation,AI,AI,True
curly_quotation,H,H,True
curly_quotation,H,H,True
curly_quotation,H,H,True
curly_quotation,H,H,True
curly_quotation,AI,AI,True
curly_quotation,H,H,True
curly_quotation,H,H,True
curly_quotation,H,H,True
curly_quotation,H,H,True
curly_quotation,H,H,True
curly_quotation,AI,AI,True
curly_quotation,H,H,True
curly_quotation,AI,AI,True
curly_quotation,H,H,True
curly_quotation,H,H,True
curly_quotation,AI,AI,True
curly_quotation,H,H,True
curly_quotation,AI,AI,True
curly_quotation,H,H,True
curly_quotation,H,H,True
curly_quotation,AI,AI,True
curly_quotation,AI,AI,True
curly_quotation,AI,AI,True
curly_quotation,AI,AI,True
curly_quotation,AI,AI,True
curly_quotation,H,H,True
curly_quotation,AI,AI,True
curly_quotation,H,H,True
curly_quotation,AI,AI,True
curly_quotation,AI,AI,True
curly_quotation,AI,AI,True
curly_quotation,H,H,True
curly_quotation,H,H,True
curly_quotation,H,H,True
curly_quotation,AI,AI,True
curly_quotation,AI,AI,True
curly_quotation,H,H,True
curly_quotation,AI,AI,True
curly_quotation,AI,AI,True
curly_quotation,H,H,True
curly_quotation,H,H,True
curly_quotation,AI,AI,True
curly_quotation,AI,AI,True
curly_quotation,H,H,True
curly_quotation,H,H,True
curly_quotation,H,H,True
curly_quotation,H,H,True
curly_quotation,H,H,True
curly_quotation,H,H,True
curly_quotation,AI,AI,True
curly_quotation,AI,AI,True
curly_quotation,AI,AI,True
curly_quotation,AI,AI,True
curly_quotation,AI,AI,True
curly_quotation,H,H,True
curly_quotation,AI,AI,True
curly_quotation,H,H,True
curly_quotation,AI,AI,True
curly_quotation,AI,AI,True
curly_quotation,H,H,True
curly_quotation,H,H,True
curly_quotation,AI,AI,True
curly_quotation,AI,AI,True
curly_quotation,AI,AI,True
curly_quotation,H,H,True
curly_quotation,AI,AI,True
curly_quotation,AI,AI,True
curly_quotation,AI,AI,True
curly_quotation,AI,AI,True
curly_quotation,AI,AI,True
curly_quotation,H,H,True
curly_quotation,AI,AI,True
curly_quotation,AI,AI,True
curly_quotation,H,H,True
curly_quotation,H,H,True
curly_quotation,AI,AI,True
curly_quotation,AI,AI,True
curly_quotation,AI,AI,True
curly_quotation,AI,AI,True
curly_quotation,AI,AI,True
curly_quotation,AI,AI,True
curly_quotation,AI,AI,True
curly_quotation,AI,AI,True
curly_quotation,H,H,True
curly_quotation,AI,AI,True
curly_quotation,H,H,True
curly_quotation,H,H,True
curly_quotation,H,H,True
curly_quotation,AI,AI,True
curly_quotation,AI,AI,True
curly_quotation,AI,AI,True
curly_quotation,AI,AI,True
curly_quotation,AI,AI,True
curly_quotation,AI,AI,True
table,H,H,True
table,AI,AI,True
table,H,H,True
table,AI,AI,True
table,AI,AI,True
table,H,H,True
table,AI,AI,True
table,AI,AI,True
table,H,H,True
table,H,H,True
table,AI,AI,True
table,H,H,True
table,H,H,True
table,AI,AI,True
table,AI,AI,True
table,H,H,True
table,H,H,True
table,H,H,True
table,H,H,True
table,H,H,True
table,AI,AI,True
table,H,H,True
table,H,H,True
table,H,H,True
table,AI,AI,True
table,AI,AI,True
table,AI,AI,True
table,AI,AI,True
table,AI,AI,True
table,H,H,True
table,AI,AI,True
table,AI,AI,True
table,AI,AI,True
table,AI,AI,True
table,H,H,True
table,H,H,True
table,H,H,True
table,H,H,True
table,H,H,True
table,AI,AI,True
table,H,H,True
table,AI,AI,True
table,H,H,True
table,AI,AI,True
table,H,H,True
table,AI,AI,True
table,AI,AI,True
table,AI,AI,True
table,AI,AI,True
table,AI,AI,True
table,AI,AI,True
table,H,H,True
table,H,H,True
table,AI,AI,True
table,H,H,True
table,H,H,True
table,H,H,True
table,AI,H,False
table,AI,AI,True
table,H,H,True
table,AI,AI,True
table,H,H,True
table,AI,AI,True
table,AI,AI,True
table,H,H,True
table,H,H,True
table,H,H,True
table,H,H,True
table,AI,AI,True
table,H,H,True
table,H,H,True
table,AI,AI,True
table,H,H,True
table,AI,AI,True
table,H,H,True
table,H,H,True
table,H,H,True
table,H,H,True
table,H,H,True
table,AI,AI,True
table,H,H,True
table,AI,AI,True
table,AI,AI,True
table,H,H,True
table,AI,AI,True
table,H,H,True
table,AI,AI,True
table,H,H,True
table,H,H,True
table,AI,AI,True
table,AI,AI,True
table,H,H,True
table,H,H,True
table,H,H,True
table,H,H,True
table,H,H,True
table,H,H,True
table,H,H,True
table,AI,AI,True
table,H,H,True
table,H,H,True
table,H,H,True
table,H,H,True
table,AI,AI,True
table,H,H,True
table,H,H,True
table,H,H,True
table,H,H,True
table,H,H,True
table,AI,AI,True
table,H,H,True
table,AI,AI,True
table,H,H,True
table,H,H,True
table,AI,AI,True
table,H,H,True
table,AI,AI,True
table,H,H,True
table,H,H,True
table,AI,AI,True
table,AI,AI,True
table,AI,AI,True
table,AI,AI,True
table,AI,AI,True
table,H,H,True
table,AI,AI,True
table,H,H,True
table,AI,AI,True
table,AI,AI,True
table,AI,AI,True
table,H,H,True
table,H,H,True
table,H,H,True
table,AI,AI,True
table,AI,AI,True
table,H,H,True
table,AI,AI,True
table,AI,AI,True
table,H,H,True
table,H,H,True
table,AI,AI,True
table,AI,AI,True
table,H,H,True
table,H,H,True
table,H,H,True
table,H,H,True
table,H,H,True
table,H,H,True
table,AI,AI,True
table,AI,AI,True
table,AI,AI,True
table,AI,AI,True
table,AI,AI,True
table,H,H,True
table,AI,AI,True
table,H,H,True
table,AI,AI,True
table,AI,AI,True
table,H,H,True
table,H,H,True
table,AI,AI,True
table,AI,AI,True
table,AI,AI,True
table,H,H,True
table,AI,AI,True
table,AI,AI,True
table,AI,AI,True
table,AI,AI,True
table,AI,AI,True
table,H,H,True
table,AI,AI,True
table,AI,AI,True
table,H,H,True
table,H,H,True
table,AI,AI,True
table,AI,AI,True
table,AI,AI,True
table,AI,AI,True
table,AI,AI,True
table,AI,AI,True
table,AI,AI,True
table,AI,AI,True
table,H,H,True
table,AI,AI,True
table,H,H,True
table,H,H,True
table,H,H,True
table,AI,AI,True
table,AI,AI,True
table,AI,AI,True
table,AI,AI,True
table,AI,AI,True
table,AI,AI,True
template,H,H,True
template,AI,AI,True
template,H,H,True
template,AI,AI,True
template,AI,AI,True
template,H,H,True
template,AI,AI,True
template,AI,AI,True
template,H,H,True
template,H,H,True
template,AI,AI,True
template,H,H,True
template,H,H,True
template,AI,AI,True
template,AI,AI,True
template,H,H,True
template,H,H,True
template,H,H,True
template,H,H,True
template,H,H,True
template,AI,AI,True
template,H,H,True
template,H,H,True
template,H,H,True
template,AI,AI,True
template,AI,AI,True
template,AI,AI,True
template,AI,AI,True
template,AI,AI,True
template,H,H,True
template,AI,AI,True
template,AI,AI,True
template,AI,AI,True
template,AI,AI,True
template,H,H,True
template,H,H,True
template,H,H,True
template,H,H,True
template,H,H,True
template,AI,AI,True
template,H,H,True
template,AI,AI,True
template,H,H,True
template,AI,AI,True
template,H,H,True
template,AI,AI,True
template,AI,AI,True
template,AI,AI,True
template,AI,AI,True
template,AI,AI,True
template,AI,AI,True
template,H,H,True
template,H,H,True
template,AI,AI,True
template,H,H,True
template,H,H,True
template,H,H,True
template,AI,AI,True
template,AI,AI,True
template,H,H,True
template,AI,AI,True
template,H,H,True
template,AI,AI,True
template,AI,AI,True
template,H,H,True
template,H,H,True
template,H,H,True
template,H,H,True
template,AI,AI,True
template,H,H,True
template,H,H,True
template,AI,AI,True
template,H,H,True
template,AI,AI,True
template,H,H,True
template,H,H,True
template,H,H,True
template,H,H,True
template,H,H,True
template,AI,AI,True
template,H,H,True
template,AI,AI,True
template,AI,AI,True
template,H,H,True
template,AI,AI,True
template,H,H,True
template,AI,AI,True
template,H,H,True
template,H,H,True
template,AI,AI,True
template,AI,AI,True
template,H,H,True
template,H,H,True
template,H,H,True
template,H,H,True
template,H,H,True
template,H,H,True
template,H,H,True
template,AI,AI,True
template,H,H,True
template,H,H,True
template,H,H,True
template,H,H,True
template,AI,AI,True
template,H,H,True
template,H,H,True
template,H,H,True
template,H,H,True
template,H,H,True
template,AI,AI,True
template,H,H,True
template,AI,AI,True
template,H,H,True
template,H,H,True
template,AI,AI,True
template,H,H,True
template,AI,AI,True
template,H,H,True
template,H,H,True
template,AI,AI,True
template,AI,AI,True
template,AI,AI,True
template,AI,AI,True
template,AI,AI,True
template,H,H,True
template,AI,AI,True
template,H,H,True
template,AI,AI,True
template,AI,AI,True
template,AI,AI,True
template,H,H,True
template,H,H,True
template,H,H,True
template,AI,AI,True
template,AI,AI,True
template,H,H,True
template,AI,AI,True
template,AI,AI,True
template,H,H,True
template,H,H,True
template,AI,AI,True
template,AI,AI,True
template,H,H,True
template,H,H,True
template,H,H,True
template,H,H,True
template,H,H,True
template,H,H,True
template,AI,AI,True
template,AI,AI,True
template,AI,AI,True
template,AI,AI,True
template,AI,AI,True
template,H,H,True
template,AI,AI,True
template,H,H,True
template,AI,AI,True
template,AI,AI,True
template,H,H,True
template,H,H,True
template,AI,AI,True
template,AI,AI,True
template,AI,AI,True
template,H,H,True
template,AI,AI,True
template,AI,AI,True
template,AI,AI,True
template,AI,AI,True
template,AI,AI,True
template,H,H,True
template,AI,AI,True
template,AI,AI,True
template,H,H,True
template,H,H,True
template,AI,AI,True
template,AI,AI,True
template,AI,AI,True
template,AI,AI,True
template,AI,AI,True
template,AI,AI,True
template,AI,AI,True
template,AI,AI,True
template,H,H,True
template,AI,AI,True
template,H,H,True
template,H,H,True
template,H,H,True
template,AI,AI,True
template,AI,AI,True
template,AI,AI,True
template,AI,AI,True
template,AI,AI,True
template,AI,AI,True
grammar,H,H,True
grammar,AI,AI,True
grammar,H,H,True
grammar,AI,AI,True
grammar,AI,AI,True
grammar,H,H,True
grammar,AI,AI,True
grammar,AI,AI,True
grammar,H,H,True
grammar,H,H,True
grammar,AI,H,False
grammar,H,H,True
grammar,H,H,True
grammar,AI,AI,True
grammar,AI,AI,True
grammar,H,H,True
grammar,H,H,True
grammar,H,H,True
grammar,H,H,True
grammar,H,H,True
grammar,AI,AI,True
grammar,H,H,True
grammar,H,H,True
grammar,H,H,True
grammar,AI,AI,True
grammar,AI,AI,True
grammar,AI,AI,True
grammar,AI,AI,True
grammar,AI,H,False
grammar,H,H,True
grammar,AI,AI,True
grammar,AI,AI,True
grammar,AI,H,False
grammar,AI,AI,True
grammar,H,H,True
grammar,H,H,True
grammar,H,H,True
grammar,H,H,True
grammar,H,H,True
grammar,AI,AI,True
grammar,H,H,True
grammar,AI,AI,True
grammar,H,H,True
grammar,AI,AI,True
grammar,H,H,True
grammar,AI,H,False
grammar,AI,AI,True
grammar,AI,AI,True
grammar,AI,AI,True
grammar,AI,AI,True
grammar,AI,AI,True
grammar,H,H,True
grammar,H,H,True
grammar,AI,AI,True
grammar,H,H,True
grammar,H,H,True
grammar,H,H,True
grammar,AI,AI,True
grammar,AI,AI,True
grammar,H,H,True
grammar,AI,AI,True
grammar,H,H,True
grammar,AI,AI,True
grammar,AI,H,False
grammar,H,H,True
grammar,H,H,True
grammar,H,H,True
grammar,H,H,True
grammar,AI,AI,True
grammar,H,H,True
grammar,H,H,True
grammar,AI,AI,True
grammar,H,H,True
grammar,AI,AI,True
grammar,H,H,True
grammar,H,H,True
grammar,H,H,True
grammar,H,H,True
grammar,H,H,True
grammar,AI,AI,True
grammar,H,H,True
grammar,AI,AI,True
grammar,AI,AI,True
grammar,H,H,True
grammar,AI,AI,True
grammar,H,H,True
grammar,AI,AI,True
grammar,H,H,True
grammar,H,H,True
grammar,AI,AI,True
grammar,AI,AI,True
grammar,H,H,True
grammar,H,H,True
grammar,H,H,True
grammar,H,H,True
grammar,H,H,True
grammar,H,H,True
grammar,H,H,True
grammar,AI,AI,True
grammar,H,H,True
grammar,H,H,True
grammar,H,H,True
grammar,H,H,True
grammar,AI,AI,True
grammar,H,H,True
grammar,H,H,True
grammar,H,H,True
grammar,H,H,True
grammar,H,H,True
grammar,AI,AI,True
grammar,H,H,True
grammar,AI,AI,True
grammar,H,H,True
grammar,H,H,True
grammar,AI,AI,True
grammar,H,H,True
grammar,AI,AI,True
grammar,H,H,True
grammar,H,H,True
grammar,AI,AI,True
grammar,AI,AI,True
grammar,AI,AI,True
grammar,AI,AI,True
grammar,AI,AI,True
grammar,H,H,True
grammar,AI,AI,True
grammar,H,H,True
grammar,AI,AI,True
grammar,AI,AI,True
grammar,AI,AI,True
grammar,H,H,True
grammar,H,H,True
grammar,H,H,True
grammar,AI,AI,True
grammar,AI,AI,True
grammar,H,H,True
grammar,AI,AI,True
grammar,AI,AI,True
grammar,H,H,True
grammar,H,H,True
grammar,AI,AI,True
grammar,AI,AI,True
grammar,H,H,True
grammar,H,H,True
grammar,H,H,True
grammar,H,H,True
grammar,H,H,True
grammar,H,H,True
grammar,AI,AI,True
grammar,AI,H,False
grammar,AI,AI,True
grammar,AI,AI,True
grammar,AI,AI,True
grammar,H,H,True
grammar,AI,AI,True
grammar,H,H,True
grammar,AI,AI,True
grammar,AI,AI,True
grammar,H,AI,False
grammar,H,H,True
grammar,AI,AI,True
grammar,AI,AI,True
grammar,AI,H,False
grammar,H,H,True
grammar,AI,AI,True
grammar,AI,AI,True
grammar,AI,AI,True
grammar,AI,AI,True
grammar,AI,AI,True
grammar,H,H,True
grammar,AI,AI,True
grammar,AI,AI,True
grammar,H,H,True
grammar,H,H,True
grammar,AI,AI,True
grammar,AI,AI,True
grammar,AI,AI,True
grammar,AI,AI,True
grammar,AI,AI,True
grammar,AI,AI,True
grammar,AI,AI,True
grammar,AI,AI,True
grammar,H,H,True
grammar,AI,AI,True
grammar,H,H,True
grammar,H,H,True
grammar,H,H,True
grammar,AI,AI,True
grammar,AI,AI,True
grammar,AI,AI,True
grammar,AI,AI,True
grammar,AI,AI,True
grammar,AI,H,False
vocab,H,H,True
vocab,AI,AI,True
vocab,H,H,True
vocab,AI,AI,True
vocab,AI,AI,True
vocab,H,H,True
vocab,AI,AI,True
vocab,AI,AI,True
vocab,H,H,True
vocab,H,H,True
vocab,AI,AI,True
vocab,H,H,True
vocab,H,H,True
vocab,AI,AI,True
vocab,AI,AI,True
vocab,H,H,True
vocab,H,H,True
vocab,H,H,True
vocab,H,H,True
vocab,H,H,True
vocab,AI,AI,True
vocab,H,H,True
vocab,H,H,True
vocab,H,H,True
vocab,AI,AI,True
vocab,AI,AI,True
vocab,AI,AI,True
vocab,AI,AI,True
vocab,AI,AI,True
vocab,H,H,True
vocab,AI,AI,True
vocab,AI,AI,True
vocab,AI,AI,True
vocab,AI,AI,True
vocab,H,H,True
vocab,H,H,True
vocab,H,H,True
vocab,H,H,True
vocab,H,H,True
vocab,AI,AI,True
vocab,H,H,True
vocab,AI,AI,True
vocab,H,H,True
vocab,AI,AI,True
vocab,H,H,True
vocab,AI,AI,True
vocab,AI,AI,True
vocab,AI,AI,True
vocab,AI,AI,True
vocab,AI,AI,True
vocab,AI,AI,True
vocab,H,H,True
vocab,H,H,True
vocab,AI,AI,True
vocab,H,H,True
vocab,H,H,True
vocab,H,H,True
vocab,AI,H,False
vocab,AI,AI,True
vocab,H,H,True
vocab,AI,AI,True
vocab,H,H,True
vocab,AI,AI,True
vocab,AI,AI,True
vocab,H,H,True
vocab,H,H,True
vocab,H,H,True
vocab,H,H,True
vocab,AI,AI,True
vocab,H,H,True
vocab,H,H,True
vocab,AI,AI,True
vocab,H,H,True
vocab,AI,AI,True
vocab,H,H,True
vocab,H,H,True
vocab,H,H,True
vocab,H,H,True
vocab,H,H,True
vocab,AI,AI,True
vocab,H,H,True
vocab,AI,AI,True
vocab,AI,AI,True
vocab,H,H,True
vocab,AI,AI,True
vocab,H,H,True
vocab,AI,AI,True
vocab,H,H,True
vocab,H,H,True
vocab,AI,AI,True
vocab,AI,AI,True
vocab,H,H,True
vocab,H,H,True
vocab,H,H,True
vocab,H,H,True
vocab,H,H,True
vocab,H,H,True
vocab,H,H,True
vocab,AI,AI,True
vocab,H,H,True
vocab,H,H,True
vocab,H,H,True
vocab,H,H,True
vocab,AI,AI,True
vocab,H,H,True
vocab,H,H,True
vocab,H,H,True
vocab,H,H,True
vocab,H,H,True
vocab,AI,AI,True
vocab,H,H,True
vocab,AI,AI,True
vocab,H,H,True
vocab,H,H,True
vocab,AI,AI,True
vocab,H,H,True
vocab,AI,AI,True
vocab,H,H,True
vocab,H,H,True
vocab,AI,AI,True
vocab,AI,AI,True
vocab,AI,AI,True
vocab,AI,AI,True
vocab,AI,AI,True
vocab,H,H,True
vocab,AI,AI,True
vocab,H,H,True
vocab,AI,AI,True
vocab,AI,AI,True
vocab,AI,AI,True
vocab,H,H,True
vocab,H,H,True
vocab,H,H,True
vocab,AI,AI,True
vocab,AI,AI,True
vocab,H,H,True
vocab,AI,AI,True
vocab,AI,AI,True
vocab,H,H,True
vocab,H,H,True
vocab,AI,AI,True
vocab,AI,AI,True
vocab,H,H,True
vocab,H,H,True
vocab,H,H,True
vocab,H,H,True
vocab,H,H,True
vocab,H,H,True
vocab,AI,AI,True
vocab,AI,AI,True
vocab,AI,AI,True
vocab,AI,AI,True
vocab,AI,AI,True
vocab,H,H,True
vocab,AI,AI,True
vocab,H,H,True
vocab,AI,AI,True
vocab,AI,AI,True
vocab,H,H,True
vocab,H,H,True
vocab,AI,AI,True
vocab,AI,AI,True
vocab,AI,AI,True
vocab,H,H,True
vocab,AI,AI,True
vocab,AI,AI,True
vocab,AI,AI,True
vocab,AI,AI,True
vocab,AI,AI,True
vocab,H,H,True
vocab,AI,AI,True
vocab,AI,AI,True
vocab,H,H,True
vocab,H,H,True
vocab,AI,AI,True
vocab,AI,AI,True
vocab,AI,AI,True
vocab,AI,AI,True
vocab,AI,AI,True
vocab,AI,AI,True
vocab,AI,AI,True
vocab,AI,AI,True
vocab,H,H,True
vocab,AI,AI,True
vocab,H,H,True
vocab,H,H,True
vocab,H,H,True
vocab,AI,AI,True
vocab,AI,AI,True
vocab,AI,AI,True
vocab,AI,AI,True
vocab,AI,AI,True
vocab,AI,AI,True
neg_parallelism,H,H,True
neg_parallelism,AI,AI,True
neg_parallelism,H,H,True
neg_parallelism,AI,AI,True
neg_parallelism,AI,AI,True
neg_parallelism,H,H,True
neg_parallelism,AI,AI,True
neg_parallelism,AI,AI,True
neg_parallelism,H,H,True
neg_parallelism,H,H,True
neg_parallelism,AI,AI,True
neg_parallelism,H,H,True
neg_parallelism,H,H,True
neg_parallelism,AI,AI,True
neg_parallelism,AI,AI,True
neg_parallelism,H,H,True
neg_parallelism,H,H,True
neg_parallelism,H,H,True
neg_parallelism,H,H,True
neg_parallelism,H,H,True
neg_parallelism,AI,AI,True
neg_parallelism,H,H,True
neg_parallelism,H,H,True
neg_parallelism,H,H,True
neg_parallelism,AI,AI,True
neg_parallelism,AI,AI,True
neg_parallelism,AI,AI,True
neg_parallelism,AI,AI,True
neg_parallelism,AI,AI,True
neg_parallelism,H,H,True
neg_parallelism,AI,AI,True
neg_parallelism,AI,AI,True
neg_parallelism,AI,AI,True
neg_parallelism,AI,AI,True
neg_parallelism,H,H,True
neg_parallelism,H,H,True
neg_parallelism,H,H,True
neg_parallelism,H,H,True
neg_parallelism,H,H,True
neg_parallelism,AI,AI,True
neg_parallelism,H,H,True
neg_parallelism,AI,AI,True
neg_parallelism,H,H,True
neg_parallelism,AI,AI,True
neg_parallelism,H,H,True
neg_parallelism,AI,AI,True
neg_parallelism,AI,AI,True
neg_parallelism,AI,AI,True
neg_parallelism,AI,AI,True
neg_parallelism,AI,AI,True
neg_parallelism,AI,AI,True
neg_parallelism,H,H,True
neg_parallelism,H,H,True
neg_parallelism,AI,AI,True
neg_parallelism,H,H,True
neg_parallelism,H,H,True
neg_parallelism,H,H,True
neg_parallelism,AI,H,False
neg_parallelism,AI,AI,True
neg_parallelism,H,H,True
neg_parallelism,AI,AI,True
neg_parallelism,H,H,True
neg_parallelism,AI,AI,True
neg_parallelism,AI,AI,True
neg_parallelism,H,H,True
neg_parallelism,H,H,True
neg_parallelism,H,H,True
neg_parallelism,H,H,True
neg_parallelism,AI,AI,True
neg_parallelism,H,H,True
neg_parallelism,H,H,True
neg_parallelism,AI,AI,True
neg_parallelism,H,H,True
neg_parallelism,AI,AI,True
neg_parallelism,H,H,True
neg_parallelism,H,H,True
neg_parallelism,H,H,True
neg_parallelism,H,H,True
neg_parallelism,H,H,True
neg_parallelism,AI,AI,True
neg_parallelism,H,H,True
neg_parallelism,AI,AI,True
neg_parallelism,AI,AI,True
neg_parallelism,H,H,True
neg_parallelism,AI,AI,True
neg_parallelism,H,H,True
neg_parallelism,AI,AI,True
neg_parallelism,H,H,True
neg_parallelism,H,H,True
neg_parallelism,AI,AI,True
neg_parallelism,AI,AI,True
neg_parallelism,H,H,True
neg_parallelism,H,H,True
neg_parallelism,H,H,True
neg_parallelism,H,H,True
neg_parallelism,H,H,True
neg_parallelism,H,H,True
neg_parallelism,H,H,True
neg_parallelism,AI,AI,True
neg_parallelism,H,H,True
neg_parallelism,H,H,True
neg_parallelism,H,H,True
neg_parallelism,H,H,True
neg_parallelism,AI,AI,True
neg_parallelism,H,H,True
neg_parallelism,H,H,True
neg_parallelism,H,H,True
neg_parallelism,H,H,True
neg_parallelism,H,H,True
neg_parallelism,AI,AI,True
neg_parallelism,H,H,True
neg_parallelism,AI,AI,True
neg_parallelism,H,H,True
neg_parallelism,H,H,True
neg_parallelism,AI,AI,True
neg_parallelism,H,H,True
neg_parallelism,AI,AI,True
neg_parallelism,H,H,True
neg_parallelism,H,H,True
neg_parallelism,AI,AI,True
neg_parallelism,AI,AI,True
neg_parallelism,AI,AI,True
neg_parallelism,AI,AI,True
neg_parallelism,AI,AI,True
neg_parallelism,H,H,True
neg_parallelism,AI,AI,True
neg_parallelism,H,H,True
neg_parallelism,AI,AI,True
neg_parallelism,AI,AI,True
neg_parallelism,AI,AI,True
neg_parallelism,H,H,True
neg_parallelism,H,H,True
neg_parallelism,H,H,True
neg_parallelism,AI,AI,True
neg_parallelism,AI,AI,True
neg_parallelism,H,H,True
neg_parallelism,AI,AI,True
neg_parallelism,AI,AI,True
neg_parallelism,H,H,True
neg_parallelism,H,H,True
neg_parallelism,AI,AI,True
neg_parallelism,AI,AI,True
neg_parallelism,H,H,True
neg_parallelism,H,H,True
neg_parallelism,H,H,True
neg_parallelism,H,H,True
neg_parallelism,H,H,True
neg_parallelism,H,H,True
neg_parallelism,AI,AI,True
neg_parallelism,AI,AI,True
neg_parallelism,AI,AI,True
neg_parallelism,AI,AI,True
neg_parallelism,AI,AI,True
neg_parallelism,H,H,True
neg_parallelism,AI,AI,True
neg_parallelism,H,H,True
neg_parallelism,AI,AI,True
neg_parallelism,AI,AI,True
neg_parallelism,H,H,True
neg_parallelism,H,H,True
neg_parallelism,AI,AI,True
neg_parallelism,AI,AI,True
neg_parallelism,AI,AI,True
neg_parallelism,H,H,True
neg_parallelism,AI,AI,True
neg_parallelism,AI,AI,True
neg_parallelism,AI,AI,True
neg_parallelism,AI,AI,True
neg_parallelism,AI,AI,True
neg_parallelism,H,H,True
neg_parallelism,AI,AI,True
neg_parallelism,AI,AI,True
neg_parallelism,H,H,True
neg_parallelism,H,H,True
neg_parallelism,AI,AI,True
neg_parallelism,AI,AI,True
neg_parallelism,AI,AI,True
neg_parallelism,AI,AI,True
neg_parallelism,AI,AI,True
neg_parallelism,AI,AI,True
neg_parallelism,AI,AI,True
neg_parallelism,AI,AI,True
neg_parallelism,H,H,True
neg_parallelism,AI,AI,True
neg_parallelism,H,H,True
neg_parallelism,H,H,True
neg_parallelism,H,H,True
neg_parallelism,AI,AI,True
neg_parallelism,AI,AI,True
neg_parallelism,AI,AI,True
neg_parallelism,AI,AI,True
neg_parallelism,AI,AI,True
neg_parallelism,AI,AI,True
rule_of_three,H,H,True
rule_of_three,AI,AI,True
rule_of_three,H,H,True
rule_of_three,AI,AI,True
rule_of_three,AI,AI,True
rule_of_three,H,H,True
rule_of_three,AI,AI,True
rule_of_three,AI,AI,True
rule_of_three,H,H,True
rule_of_three,H,H,True
rule_of_three,AI,AI,True
rule_of_three,H,H,True
rule_of_three,H,H,True
rule_of_three,AI,AI,True
rule_of_three,AI,AI,True
rule_of_three,H,H,True
rule_of_three,H,H,True
rule_of_three,H,H,True
rule_of_three,H,H,True
rule_of_three,H,H,True
rule_of_three,AI,AI,True
rule_of_three,H,H,True
rule_of_three,H,H,True
rule_of_three,H,H,True
rule_of_three,AI,AI,True
rule_of_three,AI,AI,True
rule_of_three,AI,AI,True
rule_of_three,AI,AI,True
rule_of_three,AI,AI,True
rule_of_three,H,H,True
rule_of_three,AI,AI,True
rule_of_three,AI,AI,True
rule_of_three,AI,AI,True
rule_of_three,AI,AI,True
rule_of_three,H,H,True
rule_of_three,H,H,True
rule_of_three,H,H,True
rule_of_three,H,H,True
rule_of_three,H,H,True
rule_of_three,AI,AI,True
rule_of_three,H,H,True
rule_of_three,AI,AI,True
rule_of_three,H,H,True
rule_of_three,AI,AI,True
rule_of_three,H,H,True
rule_of_three,AI,AI,True
rule_of_three,AI,AI,True
rule_of_three,AI,AI,True
rule_of_three,AI,AI,True
rule_of_three,AI,AI,True
rule_of_three,AI,AI,True
rule_of_three,H,H,True
rule_of_three,H,H,True
rule_of_three,AI,AI,True
rule_of_three,H,H,True
rule_of_three,H,H,True
rule_of_three,H,H,True
rule_of_three,AI,H,False
rule_of_three,AI,AI,True
rule_of_three,H,H,True
rule_of_three,AI,AI,True
rule_of_three,H,H,True
rule_of_three,AI,H,False
rule_of_three,AI,AI,True
rule_of_three,H,H,True
rule_of_three,H,H,True
rule_of_three,H,H,True
rule_of_three,H,H,True
rule_of_three,AI,AI,True
rule_of_three,H,H,True
rule_of_three,H,H,True
rule_of_three,AI,AI,True
rule_of_three,H,H,True
rule_of_three,AI,AI,True
rule_of_three,H,H,True
rule_of_three,H,H,True
rule_of_three,H,H,True
rule_of_three,H,H,True
rule_of_three,H,H,True
rule_of_three,AI,AI,True
rule_of_three,H,H,True
rule_of_three,AI,AI,True
rule_of_three,AI,AI,True
rule_of_three,H,H,True
rule_of_three,AI,AI,True
rule_of_three,H,H,True
rule_of_three,AI,AI,True
rule_of_three,H,H,True
rule_of_three,H,H,True
rule_of_three,AI,AI,True
rule_of_three,AI,AI,True
rule_of_three,H,H,True
rule_of_three,H,H,True
rule_of_three,H,H,True
rule_of_three,H,H,True
rule_of_three,H,H,True
rule_of_three,H,H,True
rule_of_three,H,H,True
rule_of_three,AI,AI,True
rule_of_three,H,H,True
rule_of_three,H,H,True
rule_of_three,H,H,True
rule_of_three,H,H,True
rule_of_three,AI,AI,True
rule_of_three,H,H,True
rule_of_three,H,H,True
rule_of_three,H,H,True
rule_of_three,H,H,True
rule_of_three,H,H,True
rule_of_three,AI,AI,True
rule_of_three,H,H,True
rule_of_three,AI,AI,True
rule_of_three,H,H,True
rule_of_three,H,H,True
rule_of_three,AI,AI,True
rule_of_three,H,H,True
rule_of_three,AI,AI,True
rule_of_three,H,H,True
rule_of_three,H,H,True
rule_of_three,AI,AI,True
rule_of_three,AI,H,False
rule_of_three,AI,AI,True
rule_of_three,AI,AI,True
rule_of_three,AI,AI,True
rule_of_three,H,H,True
rule_of_three,AI,AI,True
rule_of_three,H,H,True
rule_of_three,AI,AI,True
rule_of_three,AI,AI,True
rule_of_three,AI,AI,True
rule_of_three,H,H,True
rule_of_three,H,H,True
rule_of_three,H,H,True
rule_of_three,AI,AI,True
rule_of_three,AI,AI,True
rule_of_three,H,H,True
rule_of_three,AI,AI,True
rule_of_three,AI,AI,True
rule_of_three,H,H,True
rule_of_three,H,H,True
rule_of_three,AI,AI,True
rule_of_three,AI,AI,True
rule_of_three,H,H,True
rule_of_three,H,H,True
rule_of_three,H,H,True
rule_of_three,H,H,True
rule_of_three,H,H,True
rule_of_three,H,H,True
rule_of_three,AI,AI,True
rule_of_three,AI,AI,True
rule_of_three,AI,AI,True
rule_of_three,AI,AI,True
rule_of_three,AI,AI,True
rule_of_three,H,H,True
rule_of_three,AI,AI,True
rule_of_three,H,H,True
rule_of_three,AI,AI,True
rule_of_three,AI,AI,True
rule_of_three,H,H,True
rule_of_three,H,H,True
rule_of_three,AI,AI,True
rule_of_three,AI,AI,True
rule_of_three,AI,AI,True
rule_of_three,H,H,True
rule_of_three,AI,AI,True
rule_of_three,AI,AI,True
rule_of_three,AI,AI,True
rule_of_three,AI,AI,True
rule_of_three,AI,AI,True
rule_of_three,H,H,True
rule_of_three,AI,AI,True
rule_of_three,AI,AI,True
rule_of_three,H,H,True
rule_of_three,H,H,True
rule_of_three,AI,AI,True
rule_of_three,AI,AI,True
rule_of_three,AI,AI,True
rule_of_three,AI,AI,True
rule_of_three,AI,AI,True
rule_of_three,AI,AI,True
rule_of_three,AI,AI,True
rule_of_three,AI,AI,True
rule_of_three,H,H,True
rule_of_three,AI,AI,True
rule_of_three,H,H,True
rule_of_three,H,H,True
rule_of_three,H,H,True
rule_of_three,AI,AI,True
rule_of_three,AI,AI,True
rule_of_three,AI,AI,True
rule_of_three,AI,AI,True
rule_of_three,AI,AI,True
rule_of_three,AI,AI,True
basic_copulative,H,H,True
basic_copulative,AI,AI,True
basic_copulative,H,H,True
basic_copulative,AI,AI,True
basic_copulative,AI,AI,True
basic_copulative,H,H,True
basic_copulative,AI,AI,True
basic_copulative,AI,AI,True
basic_copulative,H,H,True
basic_copulative,H,H,True
basic_copulative,AI,AI,True
basic_copulative,H,H,True
basic_copulative,H,H,True
basic_copulative,AI,AI,True
basic_copulative,AI,AI,True
basic_copulative,H,H,True
basic_copulative,H,H,True
basic_copulative,H,H,True
basic_copulative,H,H,True
basic_copulative,H,H,True
basic_copulative,AI,AI,True
basic_copulative,H,H,True
basic_copulative,H,H,True
basic_copulative,H,H,True
basic_copulative,AI,AI,True
basic_copulative,AI,AI,True
basic_copulative,AI,AI,True
basic_copulative,AI,AI,True
basic_copulative,AI,AI,True
basic_copulative,H,H,True
basic_copulative,AI,AI,True
basic_copulative,AI,AI,True
basic_copulative,AI,AI,True
basic_copulative,AI,AI,True
basic_copulative,H,H,True
basic_copulative,H,H,True
basic_copulative,H,H,True
basic_copulative,H,H,True
basic_copulative,H,H,True
basic_copulative,AI,AI,True
basic_copulative,H,H,True
basic_copulative,AI,AI,True
basic_copulative,H,H,True
basic_copulative,AI,AI,True
basic_copulative,H,H,True
basic_copulative,AI,AI,True
basic_copulative,AI,AI,True
basic_copulative,AI,AI,True
basic_copulative,AI,AI,True
basic_copulative,AI,AI,True
basic_copulative,AI,AI,True
basic_copulative,H,H,True
basic_copulative,H,H,True
basic_copulative,AI,AI,True
basic_copulative,H,H,True
basic_copulative,H,H,True
basic_copulative,H,H,True
basic_copulative,AI,H,False
basic_copulative,AI,AI,True
basic_copulative,H,H,True
basic_copulative,AI,AI,True
basic_copulative,H,H,True
basic_copulative,AI,AI,True
basic_copulative,AI,AI,True
basic_copulative,H,H,True
basic_copulative,H,H,True
basic_copulative,H,H,True
basic_copulative,H,H,True
basic_copulative,AI,AI,True
basic_copulative,H,H,True
basic_copulative,H,H,True
basic_copulative,AI,AI,True
basic_copulative,H,H,True
basic_copulative,AI,AI,True
basic_copulative,H,H,True
basic_copulative,H,H,True
basic_copulative,H,H,True
basic_copulative,H,H,True
basic_copulative,H,H,True
basic_copulative,AI,AI,True
basic_copulative,H,H,True
basic_copulative,AI,AI,True
basic_copulative,AI,AI,True
basic_copulative,H,H,True
basic_copulative,AI,AI,True
basic_copulative,H,H,True
basic_copulative,AI,AI,True
basic_copulative,H,H,True
basic_copulative,H,H,True
basic_copulative,AI,AI,True
basic_copulative,AI,AI,True
basic_copulative,H,H,True
basic_copulative,H,H,True
basic_copulative,H,H,True
basic_copulative,H,H,True
basic_copulative,H,H,True
basic_copulative,H,H,True
basic_copulative,H,H,True
basic_copulative,AI,AI,True
basic_copulative,H,H,True
basic_copulative,H,H,True
basic_copulative,H,H,True
basic_copulative,H,H,True
basic_copulative,AI,AI,True
basic_copulative,H,H,True
basic_copulative,H,H,True
basic_copulative,H,H,True
basic_copulative,H,H,True
basic_copulative,H,H,True
basic_copulative,AI,AI,True
basic_copulative,H,H,True
basic_copulative,AI,AI,True
basic_copulative,H,H,True
basic_copulative,H,H,True
basic_copulative,AI,AI,True
basic_copulative,H,H,True
basic_copulative,AI,AI,True
basic_copulative,H,H,True
basic_copulative,H,H,True
basic_copulative,AI,AI,True
basic_copulative,AI,AI,True
basic_copulative,AI,AI,True
basic_copulative,AI,AI,True
basic_copulative,AI,AI,True
basic_copulative,H,H,True
basic_copulative,AI,AI,True
basic_copulative,H,H,True
basic_copulative,AI,AI,True
basic_copulative,AI,AI,True
basic_copulative,AI,AI,True
basic_copulative,H,H,True
basic_copulative,H,H,True
basic_copulative,H,H,True
basic_copulative,AI,AI,True
basic_copulative,AI,AI,True
basic_copulative,H,H,True
basic_copulative,AI,AI,True
basic_copulative,AI,AI,True
basic_copulative,H,H,True
basic_copulative,H,H,True
basic_copulative,AI,AI,True
basic_copulative,AI,AI,True
basic_copulative,H,H,True
basic_copulative,H,H,True
basic_copulative,H,H,True
basic_copulative,H,H,True
basic_copulative,H,H,True
basic_copulative,H,H,True
basic_copulative,AI,AI,True
basic_copulative,AI,AI,True
basic_copulative,AI,AI,True
basic_copulative,AI,AI,True
basic_copulative,AI,AI,True
basic_copulative,H,H,True
basic_copulative,AI,AI,True
basic_copulative,H,H,True
basic_copulative,AI,AI,True
basic_copulative,AI,AI,True
basic_copulative,H,H,True
basic_copulative,H,H,True
basic_copulative,AI,AI,True
basic_copulative,AI,AI,True
basic_copulative,AI,AI,True
basic_copulative,H,H,True
basic_copulative,AI,AI,True
basic_copulative,AI,AI,True
basic_copulative,AI,AI,True
basic_copulative,AI,AI,True
basic_copulative,AI,AI,True
basic_copulative,H,H,True
basic_copulative,AI,AI,True
basic_copulative,AI,AI,True
basic_copulative,H,H,True
basic_copulative,H,H,True
basic_copulative,AI,AI,True
basic_copulative,AI,AI,True
basic_copulative,AI,AI,True
basic_copulative,AI,AI,True
basic_copulative,AI,AI,True
basic_copulative,AI,AI,True
basic_copulative,AI,AI,True
basic_copulative,AI,AI,True
basic_copulative,H,H,True
basic_copulative,AI,AI,True
basic_copulative,H,H,True
basic_copulative,H,H,True
basic_copulative,H,H,True
basic_copulative,AI,AI,True
basic_copulative,AI,AI,True
basic_copulative,AI,AI,True
basic_copulative,AI,AI,True
basic_copulative,AI,AI,True
basic_copulative,AI,AI,True
eleg_variation,H,H,True
eleg_variation,AI,AI,True
eleg_variation,H,H,True
eleg_variation,AI,AI,True
eleg_variation,AI,AI,True
eleg_variation,H,H,True
eleg_variation,AI,AI,True
eleg_variation,AI,AI,True
eleg_variation,H,H,True
eleg_variation,H,H,True
eleg_variation,AI,AI,True
eleg_variation,H,H,True
eleg_variation,H,H,True
eleg_variation,AI,AI,True
eleg_variation,AI,AI,True
eleg_variation,H,H,True
eleg_variation,H,H,True
eleg_variation,H,H,True
eleg_variation,H,H,True
eleg_variation,H,H,True
eleg_variation,AI,AI,True
eleg_variation,H,H,True
eleg_variation,H,H,True
eleg_variation,H,H,True
eleg_variation,AI,AI,True
eleg_variation,AI,AI,True
eleg_variation,AI,AI,True
eleg_variation,AI,AI,True
eleg_variation,AI,AI,True
eleg_variation,H,H,True
eleg_variation,AI,AI,True
eleg_variation,AI,AI,True
eleg_variation,AI,AI,True
eleg_variation,AI,AI,True
eleg_variation,H,H,True
eleg_variation,H,H,True
eleg_variation,H,H,True
eleg_variation,H,H,True
eleg_variation,H,H,True
eleg_variation,AI,AI,True
eleg_variation,H,H,True
eleg_variation,AI,AI,True
eleg_variation,H,H,True
eleg_variation,AI,AI,True
eleg_variation,H,H,True
eleg_variation,AI,AI,True
eleg_variation,AI,AI,True
eleg_variation,AI,AI,True
eleg_variation,AI,AI,True
eleg_variation,AI,AI,True
eleg_variation,AI,AI,True
eleg_variation,H,H,True
eleg_variation,H,H,True
eleg_variation,AI,AI,True
eleg_variation,H,H,True
eleg_variation,H,H,True
eleg_variation,H,H,True
eleg_variation,AI,H,False
eleg_variation,AI,AI,True
eleg_variation,H,H,True
eleg_variation,AI,AI,True
eleg_variation,H,H,True
eleg_variation,AI,AI,True
eleg_variation,AI,AI,True
eleg_variation,H,H,True
eleg_variation,H,H,True
eleg_variation,H,H,True
eleg_variation,H,H,True
eleg_variation,AI,AI,True
eleg_variation,H,H,True
eleg_variation,H,H,True
eleg_variation,AI,AI,True
eleg_variation,H,H,True
eleg_variation,AI,AI,True
eleg_variation,H,H,True
eleg_variation,H,H,True
eleg_variation,H,H,True
eleg_variation,H,H,True
eleg_variation,H,H,True
eleg_variation,AI,AI,True
eleg_variation,H,H,True
eleg_variation,AI,AI,True
eleg_variation,AI,AI,True
eleg_variation,H,H,True
eleg_variation,AI,AI,True
eleg_variation,H,H,True
eleg_variation,AI,AI,True
eleg_variation,H,H,True
eleg_variation,H,H,True
eleg_variation,AI,AI,True
eleg_variation,AI,AI,True
eleg_variation,H,H,True
eleg_variation,H,H,True
eleg_variation,H,H,True
eleg_variation,H,H,True
eleg_variation,H,H,True
eleg_variation,H,H,True
eleg_variation,H,H,True
eleg_variation,AI,AI,True
eleg_variation,H,H,True
eleg_variation,H,H,True
eleg_variation,H,H,True
eleg_variation,H,H,True
eleg_variation,AI,AI,True
eleg_variation,H,H,True
eleg_variation,H,H,True
eleg_variation,H,H,True
eleg_variation,H,H,True
eleg_variation,H,H,True
eleg_variation,AI,AI,True
eleg_variation,H,H,True
eleg_variation,AI,AI,True
eleg_variation,H,H,True
eleg_variation,H,H,True
eleg_variation,AI,AI,True
eleg_variation,H,H,True
eleg_variation,AI,AI,True
eleg_variation,H,H,True
eleg_variation,H,H,True
eleg_variation,AI,AI,True
eleg_variation,AI,AI,True
eleg_variation,AI,AI,True
eleg_variation,AI,AI,True
eleg_variation,AI,AI,True
eleg_variation,H,H,True
eleg_variation,AI,AI,True
eleg_variation,H,H,True
eleg_variation,AI,AI,True
eleg_variation,AI,AI,True
eleg_variation,AI,AI,True
eleg_variation,H,H,True
eleg_variation,H,H,True
eleg_variation,H,H,True
eleg_variation,AI,AI,True
eleg_variation,AI,AI,True
eleg_variation,H,H,True
eleg_variation,AI,AI,True
eleg_variation,AI,AI,True
eleg_variation,H,H,True
eleg_variation,H,H,True
eleg_variation,AI,AI,True
eleg_variation,AI,AI,True
eleg_variation,H,H,True
eleg_variation,H,H,True
eleg_variation,H,H,True
eleg_variation,H,H,True
eleg_variation,H,H,True
eleg_variation,H,H,True
eleg_variation,AI,AI,True
eleg_variation,AI,AI,True
eleg_variation,AI,AI,True
eleg_variation,AI,AI,True
eleg_variation,AI,AI,True
eleg_variation,H,H,True
eleg_variation,AI,AI,True
eleg_variation,H,H,True
eleg_variation,AI,AI,True
eleg_variation,AI,AI,True
eleg_variation,H,H,True
eleg_variation,H,H,True
eleg_variation,AI,AI,True
eleg_variation,AI,AI,True
eleg_variation,AI,AI,True
eleg_variation,H,H,True
eleg_variation,AI,AI,True
eleg_variation,AI,AI,True
eleg_variation,AI,AI,True
eleg_variation,AI,AI,True
eleg_variation,AI,AI,True
eleg_variation,H,H,True
eleg_variation,AI,AI,True
eleg_variation,AI,AI,True
eleg_variation,H,H,True
eleg_variation,H,H,True
eleg_variation,AI,AI,True
eleg_variation,AI,AI,True
eleg_variation,AI,AI,True
eleg_variation,AI,AI,True
eleg_variation,AI,AI,True
eleg_variation,AI,AI,True
eleg_variation,AI,AI,True
eleg_variation,AI,AI,True
eleg_variation,H,H,True
eleg_variation,AI,AI,True
eleg_variation,H,H,True
eleg_variation,H,H,True
eleg_variation,H,H,True
eleg_variation,AI,AI,True
eleg_variation,AI,AI,True
eleg_variation,AI,AI,True
eleg_variation,AI,AI,True
eleg_variation,AI,AI,True
eleg_variation,AI,AI,True
subject_line,H,H,True
subject_line,AI,AI,True
subject_line,H,H,True
subject_line,AI,AI,True
subject_line,AI,AI,True
subject_line,H,H,True
subject_line,AI,AI,True
subject_line,AI,AI,True
subject_line,H,H,True
subject_line,H,H,True
subject_line,AI,AI,True
subject_line,H,H,True
subject_line,H,H,True
subject_line,AI,AI,True
subject_line,AI,AI,True
subject_line,H,H,True
subject_line,H,H,True
subject_line,H,H,True
subject_line,H,H,True
subject_line,H,H,True
subject_line,AI,AI,True
subject_line,H,H,True
subject_line,H,H,True
subject_line,H,H,True
subject_line,AI,AI,True
subject_line,AI,AI,True
subject_line,AI,AI,True
subject_line,AI,AI,True
subject_line,AI,AI,True
subject_line,H,H,True
subject_line,AI,AI,True
subject_line,AI,AI,True
subject_line,AI,AI,True
subject_line,AI,AI,True
subject_line,H,H,True
subject_line,H,H,True
subject_line,H,H,True
subject_line,H,H,True
subject_line,H,H,True
subject_line,AI,AI,True
subject_line,H,H,True
subject_line,AI,AI,True
subject_line,H,H,True
subject_line,AI,AI,True
subject_line,H,H,True
subject_line,AI,AI,True
subject_line,AI,AI,True
subject_line,AI,AI,True
subject_line,AI,AI,True
subject_line,AI,AI,True
subject_line,AI,AI,True
subject_line,H,H,True
subject_line,H,H,True
subject_line,AI,AI,True
subject_line,H,H,True
subject_line,H,H,True
subject_line,H,H,True
subject_line,AI,AI,True
subject_line,AI,AI,True
subject_line,H,H,True
subject_line,AI,AI,True
subject_line,H,H,True
subject_line,AI,AI,True
subject_line,AI,AI,True
subject_line,H,H,True
subject_line,H,H,True
subject_line,H,H,True
subject_line,H,H,True
subject_line,AI,AI,True
subject_line,H,H,True
subject_line,H,H,True
subject_line,AI,AI,True
subject_line,H,H,True
subject_line,AI,AI,True
subject_line,H,H,True
subject_line,H,H,True
subject_line,H,H,True
subject_line,H,H,True
subject_line,H,H,True
subject_line,AI,AI,True
subject_line,H,H,True
subject_line,AI,AI,True
subject_line,AI,AI,True
subject_line,H,H,True
subject_line,AI,AI,True
subject_line,H,H,True
subject_line,AI,AI,True
subject_line,H,H,True
subject_line,H,H,True
subject_line,AI,AI,True
subject_line,AI,AI,True
subject_line,H,H,True
subject_line,H,H,True
subject_line,H,H,True
subject_line,H,H,True
subject_line,H,H,True
subject_line,H,H,True
subject_line,H,H,True
subject_line,AI,AI,True
subject_line,H,H,True
subject_line,H,H,True
subject_line,H,H,True
subject_line,H,H,True
subject_line,AI,AI,True
subject_line,H,H,True
subject_line,H,H,True
subject_line,H,H,True
subject_line,H,H,True
subject_line,H,H,True
subject_line,AI,AI,True
subject_line,H,H,True
subject_line,AI,AI,True
subject_line,H,H,True
subject_line,H,H,True
subject_line,AI,AI,True
subject_line,H,H,True
subject_line,AI,AI,True
subject_line,H,H,True
subject_line,H,H,True
subject_line,AI,AI,True
subject_line,AI,AI,True
subject_line,AI,AI,True
subject_line,AI,AI,True
subject_line,AI,AI,True
subject_line,H,H,True
subject_line,AI,AI,True
subject_line,H,H,True
subject_line,AI,AI,True
subject_line,AI,AI,True
subject_line,AI,AI,True
subject_line,H,H,True
subject_line,H,H,True
subject_line,H,H,True
subject_line,AI,AI,True
subject_line,AI,AI,True
subject_line,H,H,True
subject_line,AI,AI,True
subject_line,AI,AI,True
subject_line,H,H,True
subject_line,H,H,True
subject_line,AI,AI,True
subject_line,AI,AI,True
subject_line,H,H,True
subject_line,H,H,True
subject_line,H,H,True
subject_line,H,H,True
subject_line,H,H,True
subject_line,H,H,True
subject_line,AI,AI,True
subject_line,AI,AI,True
subject_line,AI,AI,True
subject_line,AI,AI,True
subject_line,AI,AI,True
subject_line,H,H,True
subject_line,AI,AI,True
subject_line,H,H,True
subject_line,AI,AI,True
subject_line,AI,AI,True
subject_line,H,H,True
subject_line,H,H,True
subject_line,AI,AI,True
subject_line,AI,AI,True
subject_line,AI,AI,True
subject_line,H,H,True
subject_line,AI,AI,True
subject_line,AI,AI,True
subject_line,AI,AI,True
subject_line,AI,AI,True
subject_line,AI,AI,True
subject_line,H,H,True
subject_line,AI,AI,True
subject_line,AI,AI,True
subject_line,H,H,True
subject_line,H,H,True
subject_line,AI,AI,True
subject_line,AI,AI,True
subject_line,AI,AI,True
subject_line,AI,AI,True
subject_line,AI,AI,True
subject_line,AI,AI,True
subject_line,AI,AI,True
subject_line,AI,AI,True
subject_line,H,H,True
subject_line,AI,AI,True
subject_line,H,H,True
subject_line,H,H,True
subject_line,H,H,True
subject_line,AI,AI,True
subject_line,AI,AI,True
subject_line,AI,AI,True
subject_line,AI,AI,True
subject_line,AI,AI,True
subject_line,AI,AI,True
summary,H,H,True
summary,AI,AI,True
summary,H,H,True
summary,AI,AI,True
summary,AI,AI,True
summary,H,H,True
summary,AI,AI,True
summary,AI,AI,True
summary,H,H,True
summary,H,H,True
summary,AI,AI,True
summary,H,H,True
summary,H,H,True
summary,AI,AI,True
summary,AI,AI,True
summary,H,H,True
summary,H,H,True
summary,H,H,True
summary,H,H,True
summary,H,H,True
summary,AI,AI,True
summary,H,H,True
summary,H,H,True
summary,H,H,True
summary,AI,AI,True
summary,AI,AI,True
summary,AI,AI,True
summary,AI,AI,True
summary,AI,AI,True
summary,H,H,True
summary,AI,AI,True
summary,AI,AI,True
summary,AI,AI,True
summary,AI,AI,True
summary,H,H,True
summary,H,H,True
summary,H,H,True
summary,H,H,True
summary,H,H,True
summary,AI,AI,True
summary,H,H,True
summary,AI,AI,True
summary,H,H,True
summary,AI,AI,True
summary,H,H,True
summary,AI,AI,True
summary,AI,AI,True
summary,AI,AI,True
summary,AI,AI,True
summary,AI,AI,True
summary,AI,AI,True
summary,H,H,True
summary,H,H,True
summary,AI,AI,True
summary,H,H,True
summary,H,H,True
summary,H,H,True
summary,AI,AI,True
summary,AI,AI,True
summary,H,H,True
summary,AI,AI,True
summary,H,H,True
summary,AI,AI,True
summary,AI,AI,True
summary,H,H,True
summary,H,H,True
summary,H,H,True
summary,H,H,True
summary,AI,AI,True
summary,H,H,True
summary,H,H,True
summary,AI,AI,True
summary,H,H,True
summary,AI,AI,True
summary,H,H,True
summary,H,H,True
summary,H,H,True
summary,H,H,True
summary,H,H,True
summary,AI,AI,True
summary,H,H,True
summary,AI,AI,True
summary,AI,AI,True
summary,H,H,True
summary,AI,AI,True
summary,H,H,True
summary,AI,AI,True
summary,H,H,True
summary,H,H,True
summary,AI,AI,True
summary,AI,AI,True
summary,H,H,True
summary,H,H,True
summary,H,H,True
summary,H,H,True
summary,H,H,True
summary,H,H,True
summary,H,H,True
summary,AI,AI,True
summary,H,H,True
summary,H,H,True
summary,H,H,True
summary,H,H,True
summary,AI,AI,True
summary,H,H,True
summary,H,H,True
summary,H,H,True
summary,H,H,True
summary,H,H,True
summary,AI,AI,True
summary,H,H,True
summary,AI,AI,True
summary,H,H,True
summary,H,H,True
summary,AI,AI,True
summary,H,H,True
summary,AI,AI,True
summary,H,H,True
summary,H,H,True
summary,AI,AI,True
summary,AI,AI,True
summary,AI,AI,True
summary,AI,AI,True
summary,AI,AI,True
summary,H,H,True
summary,AI,AI,True
summary,H,H,True
summary,AI,AI,True
summary,AI,AI,True
summary,AI,AI,True
summary,H,H,True
summary,H,H,True
summary,H,H,True
summary,AI,AI,True
summary,AI,AI,True
summary,H,H,True
summary,AI,AI,True
summary,AI,AI,True
summary,H,H,True
summary,H,H,True
summary,AI,AI,True
summary,AI,AI,True
summary,H,H,True
summary,H,H,True
summary,H,H,True
summary,H,H,True
summary,H,H,True
summary,H,H,True
summary,AI,AI,True
summary,AI,AI,True
summary,AI,AI,True
summary,AI,AI,True
summary,AI,AI,True
summary,H,H,True
summary,AI,AI,True
summary,H,H,True
summary,AI,AI,True
summary,AI,AI,True
summary,H,H,True
summary,H,H,True
summary,AI,AI,True
summary,AI,AI,True
summary,AI,AI,True
summary,H,H,True
summary,AI,AI,True
summary,AI,AI,True
summary,AI,AI,True
summary,AI,AI,True
summary,AI,AI,True
summary,H,H,True
summary,AI,AI,True
summary,AI,AI,True
summary,H,H,True
summary,H,H,True
summary,AI,AI,True
summary,AI,AI,True
summary,AI,AI,True
summary,AI,AI,True
summary,AI,AI,True
summary,AI,AI,True
summary,AI,AI,True
summary,AI,AI,True
summary,H,H,True
summary,AI,AI,True
summary,H,H,True
summary,H,H,True
summary,H,H,True
summary,AI,AI,True
summary,AI,AI,True
summary,AI,AI,True
summary,AI,AI,True
summary,AI,AI,True
summary,AI,AI,True
